{
  "notes": {
    "0": 0,
    "1": 0.444444,
    "2": 0.888889,
    "3": 1.333333,
    "4": 1.777778,
    "5": 2.222222,
    "6": 2.666667,
    "7": 3.111111,
    "8": 3.555556
  }
}

